{
  "rounds": 300000,
  "total_bet": 1500000.0,
  "total_win": 9993160.0,
  "rtp": 6.662106666666666,
  "expected_loss_rate": -5.662106666666666,
  "hit_frequency": 0.41923666666666665,
  "miss_frequency": 0.5807633333333333,
  "mean_win_per_round": 33.31053333333333,
  "mean_win_on_hit": 79.4552003243991,
  "variance": 32235.542182383684,
  "standard_deviation": 179.54259155527328,
  "coefficient_of_variation": 5.389964482364135,
  "max_win": 8948.0,
  "p50_win": 0.0,
  "p90_win": 40.0,
  "p95_win": 130.0,
  "p99_win": 714.0,
  "base_win": 1752782.0,
  "feature_win": 8240378.0,
  "base_rtp": 1.1685213333333333,
  "feature_rtp": 5.493585333333334,
  "feature_trigger_frequency": 0.08774,
  "average_free_spins_awarded": 2.34496,
  "average_free_spins_played": 2.34496,
  "retrigger_frequency": 0.045456666666666666,
  "average_retriggers_per_round": 0.20538,
  "capped_round_frequency": 0.0,
  "standard_error_rtp": 0.06555968495183981,
  "rtp_confidence_95_low": 6.533612045323268,
  "rtp_confidence_95_high": 6.790601288010065,
  "spins": 300000,
  "mean_win_per_spin": 33.31053333333333,
  "seed": 101,
  "game_id": "demo_5x3_slot",
  "game_version": "1.0.0",
  "free_spins_retrigger_enabled": true,
  "max_free_spins_per_round": 20000
}