{
  "rounds": 1000,
  "total_bet": 5000.0,
  "total_win": 40364.0,
  "rtp": 8.0728,
  "expected_loss_rate": -7.072800000000001,
  "hit_frequency": 0.43,
  "miss_frequency": 0.5700000000000001,
  "mean_win_per_round": 40.364,
  "mean_win_on_hit": 93.86976744186046,
  "variance": 39171.769504,
  "standard_deviation": 197.91859312353654,
  "coefficient_of_variation": 4.903344394102085,
  "max_win": 3208.0,
  "p50_win": 0.0,
  "p90_win": 35.0,
  "p95_win": 172.0,
  "p99_win": 1096.1599999999999,
  "base_win": 5264.0,
  "feature_win": 35100.0,
  "base_rtp": 1.0528,
  "feature_rtp": 7.02,
  "feature_trigger_frequency": 0.087,
  "average_free_spins_awarded": 2.92,
  "average_free_spins_played": 2.912,
  "retrigger_frequency": 0.052,
  "average_retriggers_per_round": 0.278,
  "capped_round_frequency": 0.0,
  "standard_error_rtp": 1.2517470911330293,
  "rtp_confidence_95_low": 5.619420783626487,
  "rtp_confidence_95_high": 10.526179216373514,
  "spins": 1000,
  "mean_win_per_spin": 40.364,
  "seed": 123456,
  "game_id": "demo_5x3_slot",
  "game_version": "1.0.0",
  "free_spins_retrigger_enabled": true,
  "max_free_spins_per_round": 200
}